[
  {
    "Model": "ResNet18 + 1D CNN(Baseline)",
    "Model Type": "poor_accuracy",
    "WER": "21.30%",
    "WER_Decimal": "0.2130",
    "Substitutions": 3961,
    "Deletions": 382,
    "Insertions": 7460,
    "Total Errors": 11803,
    "Total Words": 55403,
    "Output File": "resnet18___1d_cnnbaseline_wer_28.00.json"
  },
  {
    "Model": "Holistic_Spatial",
    "Model Type": "lower_accuracy",
    "WER": "21.30%",
    "WER_Decimal": "0.2130",
    "Substitutions": 3959,
    "Deletions": 380,
    "Insertions": 7462,
    "Total Errors": 11801,
    "Total Words": 55403,
    "Output File": "holistic_spatial_wer_27.80.json"
  },
  {
    "Model": "Holistic_Motion",
    "Model Type": "medium_accuracy",
    "WER": "21.21%",
    "WER_Decimal": "0.2121",
    "Substitutions": 3909,
    "Deletions": 380,
    "Insertions": 7462,
    "Total Errors": 11751,
    "Total Words": 55403,
    "Output File": "holistic_motion_wer_27.70.json"
  },
  {
    "Model": "Holistic_Addative_Fusion",
    "Model Type": "good_accuracy",
    "WER": "21.20%",
    "WER_Decimal": "0.2120",
    "Substitutions": 3909,
    "Deletions": 380,
    "Insertions": 7459,
    "Total Errors": 11748,
    "Total Words": 55403,
    "Output File": "holistic_addative_fusion_wer_27.55.json"
  },
  {
    "Model": "Holistic_Concat_Fusion",
    "Model Type": "good_accuracy",
    "WER": "20.22%",
    "WER_Decimal": "0.2022",
    "Substitutions": 3794,
    "Deletions": 266,
    "Insertions": 7144,
    "Total Errors": 11204,
    "Total Words": 55403,
    "Output File": "holistic_concat_fusion_wer_26.55.json"
  },
  {
    "Model": "Holistic_MS3F(Ours)",
    "Model Type": "high_accuracy",
    "WER": "16.93%",
    "WER_Decimal": "0.1693",
    "Substitutions": 2867,
    "Deletions": 193,
    "Insertions": 6317,
    "Total Errors": 9377,
    "Total Words": 55403,
    "Output File": "holistic_ms3fours_wer_24.55.json"
  }
]