[
  {
    "Model": "ResNet18 + 1D CNN(Baseline)",
    "Model Type": "poor_accuracy",
    "WER": "24.74%",
    "WER_Decimal": "0.2474",
    "Substitutions": 5284,
    "Deletions": 737,
    "Insertions": 7685,
    "Total Errors": 13706,
    "Total Words": 55403,
    "Output File": "resnet18___1d_cnnbaseline_wer_32.98.json"
  },
  {
    "Model": "ResNet50 + 1D CNN(Baseline)",
    "Model Type": "lower_accuracy",
    "WER": "24.55%",
    "WER_Decimal": "0.2455",
    "Substitutions": 5205,
    "Deletions": 730,
    "Insertions": 7664,
    "Total Errors": 13599,
    "Total Words": 55403,
    "Output File": "resnet50___1d_cnnbaseline_wer_31.23.json"
  },
  {
    "Model": "ResNet50 + 1D CNN + GASFE",
    "Model Type": "medium_accuracy",
    "WER": "24.19%",
    "WER_Decimal": "0.2419",
    "Substitutions": 5013,
    "Deletions": 541,
    "Insertions": 7849,
    "Total Errors": 13403,
    "Total Words": 55403,
    "Output File": "resnet50___1d_cnn___gasfe_wer_30.66.json"
  },
  {
    "Model": "ResNet50 + GASFE + MFE",
    "Model Type": "good_accuracy",
    "WER": "23.12%",
    "WER_Decimal": "0.2312",
    "Substitutions": 4954,
    "Deletions": 536,
    "Insertions": 7317,
    "Total Errors": 12807,
    "Total Words": 55403,
    "Output File": "resnet50___gasfe___mfe_wer_29.25.json"
  },
  {
    "Model": "ResNet18 + GASFE + MFE + MS3F (Ours)",
    "Model Type": "good_accuracy",
    "WER": "21.20%",
    "WER_Decimal": "0.2120",
    "Substitutions": 3909,
    "Deletions": 380,
    "Insertions": 7459,
    "Total Errors": 11748,
    "Total Words": 55403,
    "Output File": "resnet18___gasfe___mfe___ms3f_ours_wer_27.50.json"
  },
  {
    "Model": "ResNet50 + GASFE + MFE + MS3F (Ours)",
    "Model Type": "high_accuracy",
    "WER": "20.17%",
    "WER_Decimal": "0.2017",
    "Substitutions": 3767,
    "Deletions": 265,
    "Insertions": 7141,
    "Total Errors": 11173,
    "Total Words": 55403,
    "Output File": "resnet50___gasfe___mfe___ms3f_ours_wer_25.00.json"
  }
]