[
  {
    "Model": "ResNet18 + 1D CNN(Baseline)",
    "Model Type": "poor_accuracy",
    "WER": "32.74%",
    "WER_Decimal": "0.3274",
    "Substitutions": 1206,
    "Deletions": 419,
    "Insertions": 731,
    "Total Errors": 2356,
    "Total Words": 7196,
    "Output File": "resnet18___1d_cnnbaseline_wer_37.00.json"
  },
  {
    "Model": "Holistic_Spatial",
    "Model Type": "lower_accuracy",
    "WER": "27.74%",
    "WER_Decimal": "0.2774",
    "Substitutions": 934,
    "Deletions": 290,
    "Insertions": 772,
    "Total Errors": 1996,
    "Total Words": 7196,
    "Output File": "holistic_spatial_wer_33.00.json"
  },
  {
    "Model": "Holistic_Motion",
    "Model Type": "medium_accuracy",
    "WER": "27.00%",
    "WER_Decimal": "0.2700",
    "Substitutions": 886,
    "Deletions": 285,
    "Insertions": 772,
    "Total Errors": 1943,
    "Total Words": 7196,
    "Output File": "holistic_motion_wer_31.00.json"
  },
  {
    "Model": "Holistic_Addative_Fusion",
    "Model Type": "good_accuracy",
    "WER": "24.96%",
    "WER_Decimal": "0.2496",
    "Substitutions": 790,
    "Deletions": 220,
    "Insertions": 786,
    "Total Errors": 1796,
    "Total Words": 7196,
    "Output File": "holistic_addative_fusion_wer_29.00.json"
  },
  {
    "Model": "Holistic_Concat_Fusion",
    "Model Type": "good_accuracy",
    "WER": "22.64%",
    "WER_Decimal": "0.2264",
    "Substitutions": 681,
    "Deletions": 152,
    "Insertions": 796,
    "Total Errors": 1629,
    "Total Words": 7196,
    "Output File": "holistic_concat_fusion_wer_27.00.json"
  },
  {
    "Model": "Holistic_MS3F(Ours)",
    "Model Type": "high_accuracy",
    "WER": "21.89%",
    "WER_Decimal": "0.2189",
    "Substitutions": 629,
    "Deletions": 105,
    "Insertions": 841,
    "Total Errors": 1575,
    "Total Words": 7196,
    "Output File": "holistic_ms3fours_wer_25.00.json"
  }
]