[
  {
    "Model": "ResNet18 + 1D CNN(Baseline)",
    "Model Type": "poor_accuracy",
    "WER": "30.43%",
    "WER_Decimal": "0.3043",
    "Substitutions": 1078,
    "Deletions": 359,
    "Insertions": 753,
    "Total Errors": 2190,
    "Total Words": 7196,
    "Output File": "resnet18___1d_cnnbaseline_wer_33.78.json"
  },
  {
    "Model": "ResNet50 + 1D CNN(Baseline)",
    "Model Type": "lower_accuracy",
    "WER": "26.11%",
    "WER_Decimal": "0.2611",
    "Substitutions": 822,
    "Deletions": 221,
    "Insertions": 836,
    "Total Errors": 1879,
    "Total Words": 7196,
    "Output File": "resnet50___1d_cnnbaseline_wer_30.23.json"
  },
  {
    "Model": "ResNet50 + 1D CNN + GASFE",
    "Model Type": "medium_accuracy",
    "WER": "25.40%",
    "WER_Decimal": "0.2540",
    "Substitutions": 822,
    "Deletions": 221,
    "Insertions": 785,
    "Total Errors": 1828,
    "Total Words": 7196,
    "Output File": "resnet50___1d_cnn___gasfe_wer_29.66.json"
  },
  {
    "Model": "ResNet50 + GASFE + MFE",
    "Model Type": "good_accuracy",
    "WER": "23.55%",
    "WER_Decimal": "0.2355",
    "Substitutions": 692,
    "Deletions": 152,
    "Insertions": 851,
    "Total Errors": 1695,
    "Total Words": 7196,
    "Output File": "resnet50___gasfe___mfe_wer_28.25.json"
  },
  {
    "Model": "ResNet18 + GASFE + MFE + MS3F (Ours)",
    "Model Type": "good_accuracy",
    "WER": "22.64%",
    "WER_Decimal": "0.2264",
    "Substitutions": 681,
    "Deletions": 152,
    "Insertions": 796,
    "Total Errors": 1629,
    "Total Words": 7196,
    "Output File": "resnet18___gasfe___mfe___ms3f_ours_wer_27.24.json"
  },
  {
    "Model": "ResNet50 + GASFE + MFE + MS3F (Ours)",
    "Model Type": "high_accuracy",
    "WER": "21.89%",
    "WER_Decimal": "0.2189",
    "Substitutions": 629,
    "Deletions": 105,
    "Insertions": 841,
    "Total Errors": 1575,
    "Total Words": 7196,
    "Output File": "resnet50___gasfe___mfe___ms3f_ours_wer_25.00.json"
  }
]